TRIM Name,TRIM LastName,Ordre de passage,Horodateur,Nom :,Prénom :,Établissement :,Région :,Nom de votre département :,Ville :,Nom de la pizza :,Description de la pizza :,Type de farine utilisée  ,Type d’empâtement,Type d'agent de fermentation  :,Allergènes Spécifiques : ,Catégorie du concours : ,Column 14,Consentement (Case obligatoire à cocher avant d’envoyer le formulaire)
,,1,,,,,,,,,,,,,,Test,Nº : 1 -  ,J’atteste que les informations fournies sont exactes et complètes.
RUOLO,Marco,,26/02/2026 14:43:12,Ruolo,Marco,La boutique de marco ,Provence-Alpes-Côte d'Azur,Alpes maritimes ,Cannes,L Éveil de la Cote,"Pâte a l eau de mer, farines de grains anciens, petit epeautre de haute Provence IGP, pois chiche. Creme de fenouil , Pastis et brousse de brebis,filets de Rouget, Blettes, fevettes et olives de Nice, Pignons et kumquat","Tipo 0, Tipo 1, Intégrale, Mélange personnalisé – (Précisez dans la case en dessous ), Pâte a l eau de mer, farines de grains anciens, petit epeautre de haute Provence IGP, pois chiche. ","Poolish – Préferment liquide, Biga – Préferment ferme",Mixte (Levain + Levure) – Association des deux pour équilibre arômes et fermentation,"Gluten (blé, seigle, orge, avoine, épeautre, kamut ou leurs souches hybrides), Poissons et produits à base de poissons, Lait et produits à base de lait (y compris le lactose)",Pizza Classique,,J’atteste que les informations fournies sont exactes et complètes.
YVIQUEL,Yann,,07/03/2026 16:47:47,YVIQUEL ,YANN,Le bistrot de Yann et Lau ,Pays de la Loire,Maine et Loire,Saint Rémy La Varenne,La Gouline Angevine,"Basse, crème de moutarde à l’ancienne, mozzarella, Fior Di Latté  fumée par mes soins ,rillauds  confit bio  d’Anjou, champignons de Paris bio, Saumurois, Echalotes d’Anjou , whisky bio d’Anjou , vin, blanc, bio, moelleux coteaux du layon ,beurre , Tomme d’anjou crème liquide pour chantilly , jeunes pousses de moutarde, cresson de moutarde, huile d’olive extra vierge","Tipo 0, Tipo 1",Double rafraîchis ( levain),"Levain naturel – Sans levure industrielle, fermentation plus complexe","Gluten (blé, seigle, orge, avoine, épeautre, kamut ou leurs souches hybrides), Soja et produits à base de soja, Lait et produits à base de lait (y compris le lactose), Moutarde et produits à base de moutarde",Pizza Classique,,J’atteste que les informations fournies sont exactes et complètes.
CRASSAT,Nicolas,,07/03/2026 18:02:04,CRASSAT ,Nicolas ,Les Pizzas Du Village ,Nouvelle-Aquitaine,Lot Et Garonne ,Masquieres,Les Demoiselles de Loctudy,"Base épinards au parmesan 
Straciatella piment espelette 
Pointes asperges vertes et noisettes torréfiées concassées 
Langoustines marinées à l’ail-gingembre-sucre
Bisque de langoustines 
Pointes de ricotta à l’aneth
Pointes de gelée de fruits de la passion 
Tuiles dentelles à l’encre de seiche 
Zeste de combava
Fleurs comestibles ",Tipo 00,Biga – Préferment ferme,"Levure fraîche – Levure en cube, fermentation rapide","Gluten (blé, seigle, orge, avoine, épeautre, kamut ou leurs souches hybrides), Crustacés et produits à base de crustacés, Fruits à coque (amandes, noisettes, noix, noix de cajou, noix de pécan, noix du Brésil, pistaches, noix de macadamia, noix du Queensland)",Pizza Classique,,J’atteste que les informations fournies sont exactes et complètes.
LAMPO,Vincenzo,,07/03/2026 22:04:13,Lampo,Vincenzo ,Galdo,Provence-Alpes-Côte d'Azur,Var,Fréjus ,Retour aux Racines ,"Base crème de buternut au parmesan 36 mois et colatura.
Effiloché d'agneau, stracciatella, poêlés de champignons, graines de moutardes fermentées ","Tipo 00, Mélange personnalisé – (Précisez dans la case en dessous ), Type 00 avec du cœur de céréales ",Biga – Préferment ferme,"Levure fraîche – Levure en cube, fermentation rapide","Gluten (blé, seigle, orge, avoine, épeautre, kamut ou leurs souches hybrides), Poissons et produits à base de poissons, Fruits à coque (amandes, noisettes, noix, noix de cajou, noix de pécan, noix du Brésil, pistaches, noix de macadamia, noix du Queensland), Moutarde et produits à base de moutarde",Pizza Classique,,J’atteste que les informations fournies sont exactes et complètes.
YVIQUEL,Yann,,08/03/2026 18:14:58,Yviquel ,Yann,Pizzeria Le Bistrot de Yann et Lau ,Pays de la Loire,Maine et Loire,St Rémy La Varenne,La Gouline ,"Base, crème de moutarde à l’ancienne, mozzarella, Fior di latte fumer par mes soins, Rillauds bio d’Anjou , échalote bio d’Anjou , Champignons bio de Paris brun  Saumurois  ,vin blanc moelleux coteau de l’aubance , whisky La Piautre , Crème liquide pour chantilly ,tomme d’Anjou , gélatine , Jeune pousse de moutarde cresson ,pousse de moutarde rouge sel, poivre , beurre ,huile d’olive extra vierge ","Tipo 0, Tipo 1",Double rafraîchi car levain 100% naturel,"Levain naturel – Sans levure industrielle, fermentation plus complexe","Gluten (blé, seigle, orge, avoine, épeautre, kamut ou leurs souches hybrides), Soja et produits à base de soja, Lait et produits à base de lait (y compris le lactose), Moutarde et produits à base de moutarde",Pizza Classique,,J’atteste que les informations fournies sont exactes et complètes.
SICORELLO,Joseph,,11/03/2026 09:55:25,Sicorello ,Joseph ,Bella ciao ,Auvergne-Rhône-Alpes,Isere,Le grand lemps ,L’empedoclina ,"Pizza à base de bisque de homard truffé, pancetta, petits pois, stracciatella, homard bleu, ","Tipo 00, Intégrale",Biga – Préferment ferme,"Levure fraîche – Levure en cube, fermentation rapide","Gluten (blé, seigle, orge, avoine, épeautre, kamut ou leurs souches hybrides), Crustacés et produits à base de crustacés, Lait et produits à base de lait (y compris le lactose)",Pizza Classique,,J’atteste que les informations fournies sont exactes et complètes.
FUSINA,Antony,,11/03/2026 11:01:30,FUSINA,Antony,Bella pizza,Grand Est,Marne,Chalons En champagne ,Canard l’oiseau ,"Base crème de parmesan 24 mois d’affinage, ballotines de pintade farcies à l’ail noir, figues et abricots farcies au foie gras de canard, mousse de vin jaune, vene cress.","Tipo 00, Tipo 1",Biga – Préferment ferme,"Levure fraîche – Levure en cube, fermentation rapide","Gluten (blé, seigle, orge, avoine, épeautre, kamut ou leurs souches hybrides), Lait et produits à base de lait (y compris le lactose), Graines de sésame et produits à base de sésame",Pizza Classique,,J’atteste que les informations fournies sont exactes et complètes.
BOUCHER,Hadrien,,12/03/2026 11:41:59,BOUCHER,Hadrien,La Dolce Vita,Occitanie,Hérault,Cap d'Agde,La Caribbean,"Base creme de christophine, carpaccio de langouste, gambas flambées au rhum vieux, guacamole d'avocat tropical, confit de gros thym, sauce creole, tartare de banane aloko, grenade, maracudja, cives et piment végétarien",Tipo 00,Poolish – Préferment liquide,"Levure fraîche – Levure en cube, fermentation rapide","Gluten (blé, seigle, orge, avoine, épeautre, kamut ou leurs souches hybrides), Crustacés et produits à base de crustacés, Soja et produits à base de soja",Pizza Classique,,J’atteste que les informations fournies sont exactes et complètes.
GOYET,Teddy,,12/03/2026 16:15:32,Goyet,Teddy,L'Abeille du Clocher,Île-de-France,Essonne,Dannemois,Verde,"Base crème de cresson BIO de fontaine de Vayres sur Essonne, mozzarella fior di latte, pesto de cresson BIO de fontaine de Vayres sur Essonne, légumes BIO mariné à l'huile maison, pancetta arotolata au poivre Sorrentino, noix torreifiées BIO du jardin, copeaux de Parmiggiano Reggiano et trait d'huile d'olive BIO, origan séché BIO","Mélange personnalisé – (Précisez dans la case en dessous ), Tipo 00, farine Soja, farine T85 BIO de la ferme de Varennes à Videlles",Autolyse – Repos préalable de la farine et de l’eau avant incorporation des autres ingrédients,Levure sèche active – À réhydrater avant usage,"Gluten (blé, seigle, orge, avoine, épeautre, kamut ou leurs souches hybrides), Soja et produits à base de soja, Lait et produits à base de lait (y compris le lactose), Fruits à coque (amandes, noisettes, noix, noix de cajou, noix de pécan, noix du Brésil, pistaches, noix de macadamia, noix du Queensland)",Pizza Classique,,J’atteste que les informations fournies sont exactes et complètes.
FARINA,Gennaro,,13/03/2026 10:58:44,FARINA,GENNARO,DA GENNARO,Provence-Alpes-Côte d'Azur,var,FREJUS,DIMANCHE AVEC MAMMA,"Base tomate cuisinée en cuisson lente de 3 heures, Boulette de viandes de boeuf, veau et porc. Assaisonné au parmesan, ail, persil et pain de campagne façon pain perdu au lait. Fromage Scamorza fumé, tuile de parmesan, carotte croquante et ricotta basilique.","Tipo 00, Tipo 1, Grano Arso",Biga – Préferment ferme,"Levure fraîche – Levure en cube, fermentation rapide","Gluten (blé, seigle, orge, avoine, épeautre, kamut ou leurs souches hybrides), Œufs et produits à base d’œufs, Lait et produits à base de lait (y compris le lactose), Céleri et produits à base de céleri",Pizza Classique,,J’atteste que les informations fournies sont exactes et complètes.
IACOVELLA,Elio,,14/03/2026 16:22:48,iacovella,elio,DA GIUSEPPE,Île-de-France,Paris,Paris,La Monte Cassino,"Base de tomates San Marzano, tomates rouges rôties, guanciale grillé, origan. En sortie de four mozzarella di bufala, basilic, légère pointe de crème d'ail.","Tipo 0, Tipo 1",Biga – Préferment ferme,"Levure fraîche – Levure en cube, fermentation rapide","Gluten (blé, seigle, orge, avoine, épeautre, kamut ou leurs souches hybrides), Lait et produits à base de lait (y compris le lactose)",Pizza Classique,,J’atteste que les informations fournies sont exactes et complètes.
LEMOINE,Arthur,,16/03/2026 12:49:35,Lemoine,Arthur,L’endroit sanary,Provence-Alpes-Côte d'Azur,Var,Sanary sur mer,Le retour du jardin,"Base sauce de daube réduite avec quelques louches de sauce tomate
, Cocotte de joue de bœuf Aux trompettes de la mort ,
pommes de terre glacées ,carottes glacées , Oignons grelots caramélisés , Échalote confites,
 Caviar de pistou de fane de carottes et de roquette 
Pickles de graine moutarde
Fleur de bourrache, fleur de romarin, fleur de thym
Fan de carottes
Flambées au cognac 
Sur un lit d’herbes aromatiques de la Provence",Tipo 00,Autolyse – Repos préalable de la farine et de l’eau avant incorporation des autres ingrédients,"Levure fraîche – Levure en cube, fermentation rapide","Gluten (blé, seigle, orge, avoine, épeautre, kamut ou leurs souches hybrides), Moutarde et produits à base de moutarde, Lupin et produits à base de lupin",Pizza Classique,,J’atteste que les informations fournies sont exactes et complètes.
MICHON,Anthony,,16/03/2026 13:49:17,Michon,Anthony,Aucun,Bourgogne-Franche-Comté,Saône et loire,Le Creusot,Ragoût della nonna,"Base ragoût tomate, queue de bœuf retravaillée et pecorino. Déclinaison de petits pois (crème, frais, pousses), pickles d’oignon rouge, éléments de pecorino (crème et tuile) et touche de vinaigre.","Tipo 00, Tipo 0, Intégrale",Biga – Préferment ferme,Mixte (Levain + Levure) – Association des deux pour équilibre arômes et fermentation,"Gluten (blé, seigle, orge, avoine, épeautre, kamut ou leurs souches hybrides), Lait et produits à base de lait (y compris le lactose), Céleri et produits à base de céleri",Pizza Classique,,J’atteste que les informations fournies sont exactes et complètes.
RIGOTHIER,Pierre,,16/03/2026 16:53:11,rigothier,pierre,felicita,Nouvelle-Aquitaine,gironde,libourne,barbabietola,"base de purée de betterave légèrement acidulé et assaisonné d'épice douce. fior di latte, n'duja calabraise. après cuisson, betterave multicolore, crème de gorgonzola, éclats de noix, fleur et feuille de tagette, oseille veine rouge, brunoise de spianata, chutney de poire. ","Type 55, Type 65",rafraîchit du levain la veille au soir pour empatement le lendemain matin,"Levain naturel – Sans levure industrielle, fermentation plus complexe","Gluten (blé, seigle, orge, avoine, épeautre, kamut ou leurs souches hybrides), Lait et produits à base de lait (y compris le lactose), Fruits à coque (amandes, noisettes, noix, noix de cajou, noix de pécan, noix du Brésil, pistaches, noix de macadamia, noix du Queensland)",Pizza Classique,,J’atteste que les informations fournies sont exactes et complètes.
BOYER,Clément,,16/03/2026 19:11:53,Boyer,Clément,Un rond dans un carré ,Île-de-France,Essome ,Yerres,La pote ô feu,"Base crème de patimarron rôti au miel et paprika, effiloché de bœuf façon pot au feu, carotte tourné et navet tourné glacé à blanc, pickles en pétales d’oignons rouge, pesto de fane de carotte, réduction de jus de bœuf.",Tipo 0,Biga – Préferment ferme,"Levure fraîche – Levure en cube, fermentation rapide","Gluten (blé, seigle, orge, avoine, épeautre, kamut ou leurs souches hybrides)",Pizza Classique,,J’atteste que les informations fournies sont exactes et complètes.
RIVIÈRE,Rodolphe,,16/03/2026 21:03:52,Rivière ,Rodolphe,La Grappe À Pizza,Grand Est,Champagne Ardenne,Verzenay ,Nature sauvage ,"Crème au bouillons de legumes(maison)  et au citron noir, fior di latte, quenelles de poisson Maison ) au légumes, trio de carottes en fleurs,fondu de poireaux choux romanesco, cerfeuil zeste de citron ","Type 45, Type 55, Type 65, 10%de type 65",Biga – Préferment ferme,Mixte (Levain + Levure) – Association des deux pour équilibre arômes et fermentation,"Gluten (blé, seigle, orge, avoine, épeautre, kamut ou leurs souches hybrides), Poissons et produits à base de poissons, Céleri et produits à base de céleri, Graines de sésame et produits à base de sésame",Pizza Classique,,J’atteste que les informations fournies sont exactes et complètes.
D'ANGELO,Jonathan Dominique José,,16/03/2026 21:42:37,D'ANGELO,Jonathan Dominique José,LA CASA DI JO,Grand Est,Moselle,METZ,Pizza Julestelan,"Base ricotta et fondue de jeunes pousses d'épinards à l'ail et piment, mozzarella fior di latte, brunoise de butternut.
En sortit de cuisson:
crémeux au chèvre, pesto (épinards graine de courges pecorino), confit de mangue légèrement acidulé, graines de courges torréfiées et caramélisées, éclats de pancetta grillés","Tipo 00, Tipo 1, Tipo 2, Mélange personnalisé – (Précisez dans la case en dessous )",Biga – Préferment ferme,"Levure fraîche – Levure en cube, fermentation rapide","Gluten (blé, seigle, orge, avoine, épeautre, kamut ou leurs souches hybrides), Lait et produits à base de lait (y compris le lactose), Fruits à coque (amandes, noisettes, noix, noix de cajou, noix de pécan, noix du Brésil, pistaches, noix de macadamia, noix du Queensland)",Pizza Classique,,J’atteste que les informations fournies sont exactes et complètes.
BIDO,Ivan,,16/03/2026 22:09:53,Bido,Ivan,Marcello ,Occitanie,Haute-Garonne ,Toulouse ,L'essence du Capitol ,"• Crème d’oignons rouge cuits lentement au beurre salé et déglacés à l’Armagnac
• Mozzarella fior di latte d’Agerola
• Poitrine de porc noir de Bigorre cuite à basse température avec thym et sel puis légèrement snackée
• Poireaux en deux textures :
Poireaux confit et poudre de poireau brûlé
• Gel de vin de Cahors (Malbec)
• Mousse de Roquefort AOP
• Noix du Périgord torrifiées
• Croustillant de tapioca soufflé au gras de porc **
• Jeunes pousses d’oseille
• Finition avec quelque goutte de jus de porc reduit.",Tipo 00,Empâtement direct – Mélange immédiat de tous les ingrédients,Levure sèche instantanée – Directement incorporée dans la farine,"Gluten (blé, seigle, orge, avoine, épeautre, kamut ou leurs souches hybrides), Fruits à coque (amandes, noisettes, noix, noix de cajou, noix de pécan, noix du Brésil, pistaches, noix de macadamia, noix du Queensland)",Pizza Classique,,J’atteste que les informations fournies sont exactes et complètes.
FALCOMATA,Daniele,,17/03/2026 10:46:22,Falcomata,Daniele ,Famiglia,Provence-Alpes-Côte d'Azur,Var,Carqueiranne ,Parmigiana in Famiglia,"Pizza classique à pâte fine, base tomate. Aubergines frites (melanzane), basilic frais, crème de parmesan, pesto de basilic, croquant de pain, prosciutto cotto Gran Biscotto Rovagnati. Parmesan râpé sur les bords.",Tipo 0,Biga – Préferment ferme,"Levure fraîche – Levure en cube, fermentation rapide","Gluten (blé, seigle, orge, avoine, épeautre, kamut ou leurs souches hybrides)",Pizza Classique,,J’atteste que les informations fournies sont exactes et complètes.
CARENDERI,Floriane,,17/03/2026 21:08:40,Carenderi ,Floriane ,Giacomo pizza ,Normandie,Seine maritime ,Le Havre,La Nona ,"Base : tomate semi-confite, carpaccio de filet mignon de porc fumé maison, asperges déclinées en plusieurs cuissons, mangue infusée badiane poivre long, germe de poireau,  noisette torréfiée.","Tipo 00, Tipo 0, Intégrale",Biga – Préferment ferme,Mixte (Levain + Levure) – Association des deux pour équilibre arômes et fermentation,"Gluten (blé, seigle, orge, avoine, épeautre, kamut ou leurs souches hybrides), Fruits à coque (amandes, noisettes, noix, noix de cajou, noix de pécan, noix du Brésil, pistaches, noix de macadamia, noix du Queensland)",Pizza Classique,,J’atteste que les informations fournies sont exactes et complètes.
AKSOY,Turgud,,18/03/2026 15:03:54,Aksoy ,turgud,pizza Di nappo ,Auvergne-Rhône-Alpes,Rhône Alpes ,Oyonnax ,Pizza méditerranéenne ,"Base crème de fenouil confit
Gambas flambées au pastis
Noix de Saint-Jacques marinées
Émulsion de pommes de terre à l’aïoli
Crème à la bisque
Pistou de salicorne et pistaches
Chips de pain grillé à la bisque
Gel de citron
salade de Fenouil cru,","Tipo 00, Intégrale",Biga – Préferment ferme,"Levure fraîche – Levure en cube, fermentation rapide","Gluten (blé, seigle, orge, avoine, épeautre, kamut ou leurs souches hybrides), Crustacés et produits à base de crustacés, Œufs et produits à base d’œufs, Poissons et produits à base de poissons, Soja et produits à base de soja, Fruits à coque (amandes, noisettes, noix, noix de cajou, noix de pécan, noix du Brésil, pistaches, noix de macadamia, noix du Queensland)",Pizza Classique,,J’atteste que les informations fournies sont exactes et complètes.
ROBERT,Xavier,,18/03/2026 15:53:21,ROBERT,Xavier,Joseph Pizza,Auvergne-Rhône-Alpes,ALLIER,03200,Terre et plume,"Base duxelles de champignons ,disque de cèleri boule, mousse de volaille , bouton de champignons de paris au citron, disque de pain de mie, pesto de chou kalé, chutney de poire, marmelade de pruneau, ballotine de cuisse de volaille et champignons en dés ,jus de volaille au bleu d'auvergne et noix concassées.",Tipo 00,Biga – Préferment ferme,Levure sèche active – À réhydrater avant usage,"Gluten (blé, seigle, orge, avoine, épeautre, kamut ou leurs souches hybrides), Œufs et produits à base d’œufs, Fruits à coque (amandes, noisettes, noix, noix de cajou, noix de pécan, noix du Brésil, pistaches, noix de macadamia, noix du Queensland), Céleri et produits à base de céleri",Pizza Classique,,J’atteste que les informations fournies sont exactes et complètes.
MARIE,Adrien,,18/03/2026 16:11:49,MARIE,ADRIEN,LA RENAISSANCE,Nouvelle-Aquitaine,DORDOGNE,ROUFFIGNAC SAINT CERNIN DE REILHAC,"Duo Panais et Manjari, fraicheur de cresson","Base pâtissière au praliné 
Biscuit progrès aux éclats de noisettes
Duo bavarois au panais et ganache au chocolat pochés ensemble
Pour la finition
Confit de panais
Cube et gel de cresson 
Praliné feuillantine salé","Tipo 00, Tipo 0, Intégrale, Semoule de blé","Autolyse – Repos préalable de la farine et de l’eau avant incorporation des autres ingrédients, Biga – Préferment ferme",Mixte (Levain + Levure) – Association des deux pour équilibre arômes et fermentation,"Gluten (blé, seigle, orge, avoine, épeautre, kamut ou leurs souches hybrides), Œufs et produits à base d’œufs, Soja et produits à base de soja, Lait et produits à base de lait (y compris le lactose), Fruits à coque (amandes, noisettes, noix, noix de cajou, noix de pécan, noix du Brésil, pistaches, noix de macadamia, noix du Queensland), Moutarde et produits à base de moutarde",Pizza Dessert,,J’atteste que les informations fournies sont exactes et complètes.
YILDIZ,Baykal,,18/03/2026 17:23:52,yildiz ,baykal ,pizzeria Di nappo ,Auvergne-Rhône-Alpes,Rhône Alpes ,Oyonnax ,homage mère brazier ,"crème d'artichaut, artichaut barigoule,foie gras poêlé, langoustines,confie clémentine,gel de pomelos, ricotta aromatisé, pistache torréfiées, réduction bisque de langoustines, herbes frais .","Tipo 00, Intégrale",Biga – Préferment ferme,"Levure fraîche – Levure en cube, fermentation rapide","Gluten (blé, seigle, orge, avoine, épeautre, kamut ou leurs souches hybrides), Crustacés et produits à base de crustacés, Œufs et produits à base d’œufs, Poissons et produits à base de poissons, Soja et produits à base de soja, Fruits à coque (amandes, noisettes, noix, noix de cajou, noix de pécan, noix du Brésil, pistaches, noix de macadamia, noix du Queensland)",Pizza Classique,,J’atteste que les informations fournies sont exactes et complètes.
HAY,Sovannak,,18/03/2026 22:17:32,Hay,Sovannak,Pizza Pavoni,Provence-Alpes-Côte d'Azur,Vaucluse,Robion,Balade sur le Mékong,"Base crème de brocolis et épinards au gingembre, filet mignon de porc mariné, cuit sous vide en basse température, brocolis raves sautés, pickles de carottes bicolores, crème de chimichurri, mayo-sriracha, jus réduit, caviar végétal, fleurs d'ail et vinaigrette asiatique.",Tipo 00,Biga – Préferment ferme,"Levure fraîche – Levure en cube, fermentation rapide","Gluten (blé, seigle, orge, avoine, épeautre, kamut ou leurs souches hybrides)",Pizza Classique,,J’atteste que les informations fournies sont exactes et complètes.
PONCHON,Samuel,,19/03/2026 23:17:26,Ponchon ,Samuel,L'Instant Pizz Sam ,Hauts-de-France,Nord,Vieux-Condé,Scarole d'or et Chair au Fenouil ,"Base mascarpone miel moutarde
Réduction de jus de lard et veau
Scarole cuite façon rata a la Belge
Chair a Saucisse Fenouil et épices maison
Maquis farci de scarole, chair a saucisse, purée de pommes de terre 
Chips de lard séché 
Paille de pomme de terre 
","Tipo 00, Mélange personnalisé – (Précisez dans la case en dessous )",Biga – Préferment ferme,Mixte (Levain + Levure) – Association des deux pour équilibre arômes et fermentation,"Gluten (blé, seigle, orge, avoine, épeautre, kamut ou leurs souches hybrides), Moutarde et produits à base de moutarde",Pizza Classique,,J’atteste que les informations fournies sont exactes et complètes.
CHECCACCI,Vivien,,20/03/2026 11:04:20,Checcacci,vivien,le petit volsci,Auvergne-Rhône-Alpes,rhone,saint romain en gier,MAVIA,....,Tipo 00,Biga – Préferment ferme,"Levure fraîche – Levure en cube, fermentation rapide","Gluten (blé, seigle, orge, avoine, épeautre, kamut ou leurs souches hybrides), Œufs et produits à base d’œufs",Pizza Classique,,J’atteste que les informations fournies sont exactes et complètes.
LECOUSTRE,Kevin,,20/03/2026 17:18:17,Lecoustre ,Kevin,Kevin Cé Ma Pizza,Nouvelle-Aquitaine,Landes ,Montfort en Chalosse ,La Chalossaise ,"Crème d’asperge de Soustons (40) et au brebis  de la bergerie d’anais et Nicolas (Bostens 40) et à l’huile de noisette , 
Effiloché de Canard au barbecue de la coopérative de Chalosse (40 Montfort en chalosse), Pointe d’asperge verte au piment d’espelette (64), Concassée de Cacahuètes  de Soustons (40) torréfiés, jus corsée de canard au Tursan de la coopérative de Mugron (40)","Mélange personnalisé – (Précisez dans la case en dessous ), Tipo 00 et farine intégrale ",Empâtement direct – Mélange immédiat de tous les ingrédients,"Levure fraîche – Levure en cube, fermentation rapide","Gluten (blé, seigle, orge, avoine, épeautre, kamut ou leurs souches hybrides), Arachides et produits à base d’arachides, Lait et produits à base de lait (y compris le lactose), Fruits à coque (amandes, noisettes, noix, noix de cajou, noix de pécan, noix du Brésil, pistaches, noix de macadamia, noix du Queensland), Céleri et produits à base de céleri, Graines de sésame et produits à base de sésame",Pizza Classique,,J’atteste que les informations fournies sont exactes et complètes.
GODET,Manuel,,21/03/2026 23:55:38,Godet,Manuel,L'europe et L'empreinte,Occitanie,Hautes-Pyrénées,Tarbes,L'empreinte: mon petit jardin au bord de la rivière,"
Betteraves / carottes “l’explosion de fraîcheur”
base carotte et yuzu
carottes mini glacées dans leur jus
betteraves jaunes en pickles infusées à la tagète
betteraves rouges cuites en croûte de sel
cônes de betteraves, gel tagète / sapin, suprêmes d’oranges sanguines

Truite des Pyrénées
marinée au sel et folle blanche d’Armagnac, brulée à la flamme
en billes liées de ricotta / tagète, panée aux fanes de carotte et feuilles de tagète
en chips 

Finitions 
tagète : feuilles au naturel, en ricotta, en huile concentrée et en croustilles à la poudre de sapin

Touche finale
parfum de sinaigre bio ( vinaigre infusé au sapin )",Type 65,Biga – Préferment ferme,"Levure fraîche – Levure en cube, fermentation rapide","Gluten (blé, seigle, orge, avoine, épeautre, kamut ou leurs souches hybrides), Œufs et produits à base d’œufs, Poissons et produits à base de poissons, Lait et produits à base de lait (y compris le lactose)",Pizza Classique,,J’atteste que les informations fournies sont exactes et complètes.
PACAUD,Christopher,,21/03/2026 00:08:38,pacaud,christopher,strada pizza,Nouvelle-Aquitaine,charente,Angouleme,La Pizza Buttergine,"Velouté de Carotte des sables
Vieux comté
Carpaccio de Fenouil & Carotte mariné & fumé
Billes de Carotte glacées au piment d’Espelette 
Saucisse Pérugine
Rouille Pimentée
Bille moléculaire au Citron Calamansi 
Atsina Cress
Sauce diable au persil","Tipo 00, Intégrale",Poolish – Préferment liquide,Mixte (Levain + Levure) – Association des deux pour équilibre arômes et fermentation,"Gluten (blé, seigle, orge, avoine, épeautre, kamut ou leurs souches hybrides), Lait et produits à base de lait (y compris le lactose), Moutarde et produits à base de moutarde",Pizza Classique,,J’atteste que les informations fournies sont exactes et complètes.
FERNANDEZ,Vivien,,21/03/2026 12:33:55,Fernandez,Vivien,Lalsace les emporters,Grand Est,Bas rhin,Diemringen,La pizza de Oma,"Base créme de celerie legerement fumee avec quelque morceau de lard fumee,carotte d'antan tricolore cuit avec du bouillon de poule,etoile de navet cuit au bouillon de poule,saucisse fumee en etoile,petite carotte tourner glacee, poireaux legerement blanchi,chips de lards fumee,oignon rouge pickles et chips de pomme de terre vitelotte.",Tipo 00,Biga – Préferment ferme,"Levure fraîche – Levure en cube, fermentation rapide","Gluten (blé, seigle, orge, avoine, épeautre, kamut ou leurs souches hybrides), Lait et produits à base de lait (y compris le lactose), Céleri et produits à base de céleri",Pizza Classique,,J’atteste que les informations fournies sont exactes et complètes.
RIOS,Pascal,,21/03/2026 22:48:32,rios,pascal,pizz'artist,Occitanie,hautes-pyrénées,ANCIZAN,Déclinaison de chou et porc noir,"base oignons caramélisé 
porc noir de Bigorre AOP
jus de viande
cœur et pétale de choux de Bruxelles
pickles oignons grelot
greuil de brebis de ma vallée 
gel de mandarine
noisette torréfié 


","Type 45, Type 65",Biga – Préferment ferme,"Levure fraîche – Levure en cube, fermentation rapide, Mixte (Levain + Levure) – Association des deux pour équilibre arômes et fermentation","Gluten (blé, seigle, orge, avoine, épeautre, kamut ou leurs souches hybrides), Fruits à coque (amandes, noisettes, noix, noix de cajou, noix de pécan, noix du Brésil, pistaches, noix de macadamia, noix du Queensland)",Pizza Classique,,J’atteste que les informations fournies sont exactes et complètes.
TUAIRE,Damien,,22/03/2026 15:30:38,TUAIRE,DAMIEN,CASA PAVONI,Provence-Alpes-Côte d'Azur,VAUCLUSE,ROBION,L'écume et la terre,"Base de velouté de coquillage ( palourdes, moules ). St jacques snackée au beurre. moules et palourdes. Feuilles de choux de bruxelle blanchie et sautée au beurre. Gel citron et thé matcha. Oeufs de tobiko. Tuiles dentelles iodée. Sauce st jacques. Poivre de timut. Salicorne possible ( J'ai pas encore tranché ).","Mélange personnalisé – (Précisez dans la case en dessous ), Farine 00 + 10% céréales","Biga – Préferment ferme, Biga et Levain",Mixte (Levain + Levure) – Association des deux pour équilibre arômes et fermentation,"Gluten (blé, seigle, orge, avoine, épeautre, kamut ou leurs souches hybrides), Crustacés et produits à base de crustacés, Poissons et produits à base de poissons",Pizza Classique,,J’atteste que les informations fournies sont exactes et complètes.
JOSELET ( MARIÉE TUAIRE ),Marion,,22/03/2026 15:41:13,JOSELET ( MARIÉE TUAIRE ),MARION,CASA PAVONI,Provence-Alpes-Côte d'Azur,VAUCLUSE,ROBION,DOUCEUR DE LA TERRE.,Base velouté choux-fleur. magret cuit a basse température sous-vide. Morilles. Réduction de morille au soja. Feuilles de choux de bruxelle blanchies et sautées au beurre. Gel de groseille. Groseilles. Fleur de roquette et d'ail. Noisettes torrefiées. Tuiles dentelles.,"Mélange personnalisé – (Précisez dans la case en dessous ), Farine 00 - 10% céréales",Biga – Préferment ferme,"Levure fraîche – Levure en cube, fermentation rapide","Gluten (blé, seigle, orge, avoine, épeautre, kamut ou leurs souches hybrides), Soja et produits à base de soja, Fruits à coque (amandes, noisettes, noix, noix de cajou, noix de pécan, noix du Brésil, pistaches, noix de macadamia, noix du Queensland)",Pizza Classique,,J’atteste que les informations fournies sont exactes et complètes.
VARIN,Baptiste,,22/03/2026 19:06:12,Varin,Baptiste ,I Fratelli,Normandie,Calvados,Cabourg ,La Saint Jacques au Jardin ,"Velouté de carotte jaunes vanille/ gingembre.
Carpaccio de Saint Jacques au sel gitan 
Salade de carottes orange gingembre
Carottes glacées au jus d’orange 
Pickles de carottes 
Tartare de Saint Jacques poêlée (fleur de sel, huile d’olive)
Purée de jaune d’œuf au balsamic blanc
Gel gingembre/vanille
Corail déshydraté
Quenelles de Fromages frais maison 
Feuille d’huîtres “Mertensia”
","Tipo 1, Type 110",Biga – Préferment ferme,"Levure fraîche – Levure en cube, fermentation rapide","Gluten (blé, seigle, orge, avoine, épeautre, kamut ou leurs souches hybrides), Crustacés et produits à base de crustacés, Œufs et produits à base d’œufs, Lait et produits à base de lait (y compris le lactose)",Pizza Classique,,J’atteste que les informations fournies sont exactes et complètes.
PERROTEY,Dimitri,,22/03/2026 21:43:41,Perrotey,Dimitri,"L'épure, Auguste et Ferdinand.",Hauts-de-France,Nord,Avelin,Il Ragù di Ferdinando,"Base concentré de bolognese al ragù, Mozzarella fior di latte, quenelles de farce de Ragù, tomates cerise d'Italie, mascarpone, chips de parmesan et basilic frais. ",Tipo 00,Autolyse – Repos préalable de la farine et de l’eau avant incorporation des autres ingrédients,"Levure fraîche – Levure en cube, fermentation rapide","Gluten (blé, seigle, orge, avoine, épeautre, kamut ou leurs souches hybrides), Lait et produits à base de lait (y compris le lactose), Céleri et produits à base de céleri",Pizza Classique,,J’atteste que les informations fournies sont exactes et complètes.
MORIN,Anthony,,22/03/2026 22:09:57,MORIN,Anthony,Stefano pizza SARL ALNS,Bretagne,Ille et Vilaine,Argentré du Plessis,Ker Annick,"Base de crème de champignons bruns onctueuse, poireaux délicatement revenus à l’huile d’olive, noix de Saint-Jacques saisies au beurre ail et persillé, graines de sarrasin torréfiées pour une touche croquante, crème d’asperges montée au mascarpone, et champignons bruns fondants. Le tout relevé par des quartiers de citron confit, des brisures de poitrine fumée et de tuiles de parmesan, puis sublimé par un filet d’huile de noisette.",Tipo 00,Empâtement direct – Mélange immédiat de tous les ingrédients,"Levure fraîche – Levure en cube, fermentation rapide","Gluten (blé, seigle, orge, avoine, épeautre, kamut ou leurs souches hybrides), Soja et produits à base de soja, Lait et produits à base de lait (y compris le lactose), Fruits à coque (amandes, noisettes, noix, noix de cajou, noix de pécan, noix du Brésil, pistaches, noix de macadamia, noix du Queensland), Moutarde et produits à base de moutarde, Mollusques et produits à base de mollusques",Pizza Classique,,J’atteste que les informations fournies sont exactes et complètes.
BERARD,Boris,,23/03/2026 04:25:21,BERARD,Boris,ORA - 1929,Provence-Alpes-Côte d'Azur,Alpes-Maritimes,Pégomas ,Nikaia ,"Base de crème bisque de homard, noix de saint jacques snacké, mozzarella stracciatella, crevettes flambage au Pastis de Nice, anneaux de rouilles, chips de fenouil, perles de yuzu, perles de poisson de roche aux wazabi et fleurs de bourrache.","Tipo 00, Tipo 0, Mélange personnalisé – (Précisez dans la case en dessous ), Levain bio à la farine de petit épeautre de haute Provence,avec pré ferment de levain et farines Bio 0 et 00. ","Autolyse – Repos préalable de la farine et de l’eau avant incorporation des autres ingrédients, Biga – Préferment ferme, + fermentolyse ","Levain naturel – Sans levure industrielle, fermentation plus complexe","Gluten (blé, seigle, orge, avoine, épeautre, kamut ou leurs souches hybrides), Crustacés et produits à base de crustacés, Poissons et produits à base de poissons",Pizza Classique,,J’atteste que les informations fournies sont exactes et complètes.
FERRETTI,Maxime,,23/03/2026 10:41:56,FERRETTI,MAXIME,Pizz 'a Gogo,Occitanie,Herault,MIREVAL,L' Automne Noir,"Base de crème de butternut, cube de magret de canard et de scamorza fumée, trompettes de la mort, pickles de butternut et oignons grelots blancs, noisettes du Piémont torréfiées, jus de viande réduit, micro pousse de capucines.",Tipo 00,Biga – Préferment ferme,"Levure fraîche – Levure en cube, fermentation rapide","Gluten (blé, seigle, orge, avoine, épeautre, kamut ou leurs souches hybrides), Arachides et produits à base d’arachides, Fruits à coque (amandes, noisettes, noix, noix de cajou, noix de pécan, noix du Brésil, pistaches, noix de macadamia, noix du Queensland)",Pizza Classique,,J’atteste que les informations fournies sont exactes et complètes.
CACCIATORE,Francky,,23/03/2026 11:16:53,CACCIATORE,FRANCKY,LA CASA DEL GUSTO,Occitanie,HERAULT,MURVIEL-LES-BEZIERS,SINFONI MARINE DI SAN GIACOMO,"- Saint jacques au piment d'espelette flambé à la sambuca (liqueur de fenouil) réduit en crème, 
- Carpaccio de gravelax de saint jacques (baies rose, aneth, betterave et citron vert)
- Ricotta au corail de saint jacques et poivre blanc, 
- Gel yusu, 
- Crumble parmesan, 
- Pickels de bettrave, 
- Duo d'algue salicorne et raisin de mer juste assaisonné, 
- Fleur de fenouil sauvage. ","Tipo 0, Tipo 1",Biga – Préferment ferme,"Levure fraîche – Levure en cube, fermentation rapide","Gluten (blé, seigle, orge, avoine, épeautre, kamut ou leurs souches hybrides), Crustacés et produits à base de crustacés, Lait et produits à base de lait (y compris le lactose), Mollusques et produits à base de mollusques",Pizza Classique,,J’atteste que les informations fournies sont exactes et complètes.
VIALE,Jeremy,,23/03/2026 11:20:35,Viale,Jeremy,Casa viale ,Auvergne-Rhône-Alpes,Ain ,Faramans ,L ultime ,"Base crème de morille au vin jaune 
Filet de poulet cuit sur le coffre basse  température puis barbecue 
Cercle de champignon de Paris en duxelle 
Morille à l échalote 
Morille fraîche  farcie d une farce fine 
Gel de poire 
Bille de poire pochée au vin jaune 
Oignon grelot 
Poire fraîche 
Jus de poulet réduit et jus de poulet à la crème 
","Tipo 0, Tipo 1",Biga – Préferment ferme,Mixte (Levain + Levure) – Association des deux pour équilibre arômes et fermentation,"Gluten (blé, seigle, orge, avoine, épeautre, kamut ou leurs souches hybrides), Œufs et produits à base d’œufs, Lait et produits à base de lait (y compris le lactose)",Pizza Classique,,J’atteste que les informations fournies sont exactes et complètes.
GOURMELEN,Jérôme,,23/03/2026 12:15:57,GOURMELEN,Jérôme,L'Angélice,Bretagne,29,Concarneau,L'Archipel,"Base crème de haddock, pointe d'asperge verte, chinchard mariné et mulet fumé. Pétales de haddock. Pickels d'oignons et graines de moutarde au balsamique blanc, pancetta légèrement flachée, coulis d'asperge et persil",Tipo 00,Biga – Préferment ferme,"Levure fraîche – Levure en cube, fermentation rapide","Gluten (blé, seigle, orge, avoine, épeautre, kamut ou leurs souches hybrides), Poissons et produits à base de poissons, Lait et produits à base de lait (y compris le lactose), Moutarde et produits à base de moutarde",Pizza Classique,,J’atteste que les informations fournies sont exactes et complètes.
FABIEN,Kevin,,23/03/2026 14:56:54,Fabien,Kevin,La Pizza Bernardo ,Nouvelle-Aquitaine,Haute Vienne,Razès,La perle de ceviche ,"Base onctueuse aux accents de persillade aillée, daurade royale fumée façon ceviche, pesto à l’ail des ours, gelée de citron Yuzu, Cebette, caviar d’aquitaine. 
Finalisée par un filet de marinade du ceviche ",Tipo 00,Biga – Préferment ferme,Mixte (Levain + Levure) – Association des deux pour équilibre arômes et fermentation,"Gluten (blé, seigle, orge, avoine, épeautre, kamut ou leurs souches hybrides), Crustacés et produits à base de crustacés, Poissons et produits à base de poissons, Lait et produits à base de lait (y compris le lactose), Fruits à coque (amandes, noisettes, noix, noix de cajou, noix de pécan, noix du Brésil, pistaches, noix de macadamia, noix du Queensland)",Pizza Classique,,J’atteste que les informations fournies sont exactes et complètes.
COLMANS,Thierry,,23/03/2026 15:41:25,Colmans,Thierry,La Pat'zza,Bretagne,Côtes d'armor,binic-etables sur mer,Better Sunshine,"crème de betterave légèrement citronnée, carotte croquante et fondante, poids gourmands revenu à l'ail, filet de veau basse température, betterave golden, ricotta au raifort, mascarpone à la betterave, graine germées de betterave, thym citron, réduction de marsala","Mélange personnalisé – (Précisez dans la case en dessous ), farine 0 avec germe et farine multicéréales",Empâtement direct – Mélange immédiat de tous les ingrédients,Levure sèche instantanée – Directement incorporée dans la farine,"Gluten (blé, seigle, orge, avoine, épeautre, kamut ou leurs souches hybrides), Lait et produits à base de lait (y compris le lactose)",Pizza Classique,,J’atteste que les informations fournies sont exactes et complètes.
AUCLERC,Martin,,23/03/2026 17:36:15,Auclerc ,Martin ,Trattoria chez Antone ,Bourgogne-Franche-Comté,Yonne ,Avallon ,L’Antonella ,"Poireaux & morilles en base fondante, morilles farcies d’une crème de pecorino, gravlax de filet de bœuf mariné aux herbes, huile de pistache et moutarde à l’ancienne, stracciatella, pickles d’échalotes, touches de pesto de pistache et jus de viande réduit",Type 00 w 390 (80%) intégrale w190(20%),Biga – Préferment ferme,"Levure fraîche – Levure en cube, fermentation rapide","Gluten (blé, seigle, orge, avoine, épeautre, kamut ou leurs souches hybrides), Arachides et produits à base d’arachides, Lait et produits à base de lait (y compris le lactose), Fruits à coque (amandes, noisettes, noix, noix de cajou, noix de pécan, noix du Brésil, pistaches, noix de macadamia, noix du Queensland), Moutarde et produits à base de moutarde, Lupin et produits à base de lupin",Pizza Classique,,J’atteste que les informations fournies sont exactes et complètes.
CARIOU,Paul,,23/03/2026 17:54:42,CARIOU,Paul,Forno del Villaggio,Île-de-France,Val-de-Marne,Fontenay-sous-Bois,l'Équinoxe,"Base crème de courge bleue de Hongrie, fenouil braisé au cidre et au miel, sardines snackées au beurre de baratte, gel de framboise acidulé, ricotta di bufala montée au poivre cinq baies, perles de citron caviar de Corse, chips d'algues bretonnes et micro-pousses de radis noir",Tipo 00,"Empâtement direct – Mélange immédiat de tous les ingrédients, Autolyse – Repos préalable de la farine et de l’eau avant incorporation des autres ingrédients","Levure fraîche – Levure en cube, fermentation rapide","Gluten (blé, seigle, orge, avoine, épeautre, kamut ou leurs souches hybrides), Poissons et produits à base de poissons, Lait et produits à base de lait (y compris le lactose), Anhydride sulfureux et sulfites en concentrations supérieures à 10 mg/kg ou 10 mg/L",Pizza Classique,,J’atteste que les informations fournies sont exactes et complètes.
LEONARD DE REYST,Florian,,23/03/2026 19:25:59,Leonard de Reyst ,Florian ,Leonard’O ,Grand Est,Grand est ,Sarrable ,La sous-bois crémeuse ,"Crème de céleri 
Effiloché de bœuf 
Billes de carottes
Pickles de carottes  
Champignons brun crue 
Morille 
Comté râpée   
Noisette torréfiées 
Cebette ciselé
Jus de bœuf 
Divers pousses 
","Tipo 00, Tipo 0, ",Biga – Préferment ferme,Mixte (Levain + Levure) – Association des deux pour équilibre arômes et fermentation,"Gluten (blé, seigle, orge, avoine, épeautre, kamut ou leurs souches hybrides), Œufs et produits à base d’œufs, Arachides et produits à base d’arachides, Soja et produits à base de soja, Lait et produits à base de lait (y compris le lactose), Fruits à coque (amandes, noisettes, noix, noix de cajou, noix de pécan, noix du Brésil, pistaches, noix de macadamia, noix du Queensland), Céleri et produits à base de céleri",Pizza Classique,,J’atteste que les informations fournies sont exactes et complètes.
AUFFRET,Cyrille,,23/03/2026 19:41:03,Auffret ,Cyrille,L'angelice ,Bretagne,Finistère ,Concarneau ,Mab bihen,"Base crème de citronnelle 
Homard breton poche au beuure
Saint jaques marine au ponzu
Shitake poêlé
Gel de yuzu
Pomelos poches au miel 
Vene Cres


",Tipo 0,Biga – Préferment ferme,"Levure fraîche – Levure en cube, fermentation rapide","Gluten (blé, seigle, orge, avoine, épeautre, kamut ou leurs souches hybrides), Crustacés et produits à base de crustacés, Poissons et produits à base de poissons, Mollusques et produits à base de mollusques",Pizza Classique,,J’atteste que les informations fournies sont exactes et complètes.
AUCLERC,Martin,,23/03/2026 21:09:47,Auclerc ,Martin ,Trattoria chez Antone ,Bourgogne-Franche-Comté,Yonne ,Avallon,L’Antonella,"Fondue de poireaux et morilles en base onctueuse, morilles farcies à la crème de scamorza fumée, gravlax de filet de bœuf mariné aux herbes, huile de pistache et moutarde à l’ancienne, stracciatella, pickles d’échalotes, touches de pesto de pistache et jus de viande réduit.","Mélange personnalisé – (Précisez dans la case en dessous ), Type 00 w390 (80%) intégrale w190 (20%)",Biga – Préferment ferme,"Levure fraîche – Levure en cube, fermentation rapide","Gluten (blé, seigle, orge, avoine, épeautre, kamut ou leurs souches hybrides), Arachides et produits à base d’arachides, Lait et produits à base de lait (y compris le lactose), Fruits à coque (amandes, noisettes, noix, noix de cajou, noix de pécan, noix du Brésil, pistaches, noix de macadamia, noix du Queensland), Moutarde et produits à base de moutarde, Anhydride sulfureux et sulfites en concentrations supérieures à 10 mg/kg ou 10 mg/L, Lupin et produits à base de lupin",Pizza Classique,,J’atteste que les informations fournies sont exactes et complètes.
TELLE,Stéphane,,23/03/2026 23:26:07,Telle,Stéphane,Pizzbook,Martinique,Martinique,Le Diamant,Océan Créole,"Base de Crème infusée à l'atoumo et à la menthe, Tartare de Marlin à la créole, Citron caviar rouge, Pickles d'oignons rouges et de Piments végétariens doux, Ricotta montée au citron vert et piment végétarien, Gel Maracudja, Radis Red Méat, Zeste de Citron vert et quelques feuilles de thym frais de Martinique","Tipo 00, Tipo 00 et Soja (3%)",Biga – Préferment ferme,"Levure fraîche – Levure en cube, fermentation rapide","Gluten (blé, seigle, orge, avoine, épeautre, kamut ou leurs souches hybrides), Poissons et produits à base de poissons, Soja et produits à base de soja, Lait et produits à base de lait (y compris le lactose), Graines de sésame et produits à base de sésame",Pizza Classique,,J’atteste que les informations fournies sont exactes et complètes.
JEAN FRANCOIS,Lorenzo,,23/03/2026 23:28:43,Jean Francois ,Lorenzo,La casa del gusto ,Occitanie,herault,Murviel-lès-Béziers,La Pointe Verte,Base crème au asperges ricota sitroner copa tête d’asperge zeste de citron roquette huile d’olive petit pois ,Tipo 00,Biga – Préferment ferme,"Levure fraîche – Levure en cube, fermentation rapide","Gluten (blé, seigle, orge, avoine, épeautre, kamut ou leurs souches hybrides), Lait et produits à base de lait (y compris le lactose)",Pizza Classique,,J’atteste que les informations fournies sont exactes et complètes.
TELLE,Stéphane,,23/03/2026 23:48:26,Telle,Stéphane,Pizzbook,Martinique,Martinique,Le Diamant,Kon an Plantè,"Avant cuisson, base crème Vanille et sucre de Canne de Martinique
Après cuisson : Flambage avec un assemblage de différents rhums agricole de Martinique, Cannelle, Purée de Pitaya rouge et Goyave rose, Mousse Mascarpone à la vanille de Martinique, Billes de Pitaya rouges et Blancs, Billes d'ananas caramélisées et déglacées au Rhum vanillé, Billes de mangues au citron vert, Gel Maracudja, Quelques feuilles de petit thym de Martinique et Zeste de combava.","Tipo 00, Farine de Soja",Biga – Préferment ferme,"Levure fraîche – Levure en cube, fermentation rapide","Gluten (blé, seigle, orge, avoine, épeautre, kamut ou leurs souches hybrides), Soja et produits à base de soja, Lait et produits à base de lait (y compris le lactose), Graines de sésame et produits à base de sésame",Pizza Dessert,,J’atteste que les informations fournies sont exactes et complètes.
BOGY,Patrice,,24/03/2026 13:04:22,Bogy,Patrice ,Pizz'inTence ,Auvergne-Rhône-Alpes,Haute Loire,Tence,La rivière verte,"-Base velouté de petits pois avec une pointe de wasabi

- petits pois cuits a la française avec sucrine

- truite confite a l'huile de pépins de raisins a la pimprenelle

- filets de truite fuméeau bois de hêtre

- jus réduit d'arêtes de truite et champignons

- émulsion de cosses de petits pois 

- mousserons crus

- pimprenelle et pousses de petits pois. ","Tipo 00, Tipo 1, Intégrale, Mélange personnalisé – (Précisez dans la case en dessous )",Biga – Préferment ferme,"Levure fraîche – Levure en cube, fermentation rapide","Gluten (blé, seigle, orge, avoine, épeautre, kamut ou leurs souches hybrides), Poissons et produits à base de poissons",Pizza Classique,,J’atteste que les informations fournies sont exactes et complètes.
FERNANDO,Eugene,,24/03/2026 15:25:08,FERNANDO,EUGENE,RENINE / Hotel Le Bristol Paris ,Île-de-France,Paris,Paris,L'AUBE SUR SCILLA,"""L’Aube sur Scilla"" est un hommage aux couleurs et aux saveurs de la Calabre, où le soleil levant (le poivron jaune) rencontre la puissance de la terre et la finesse de la mer. Après une 3ème place aux qualifications, cette création a été épurée pour atteindre l’exigence de la haute gastronomie, alliant technicité boulangère et précision de cuisine de palace.

LA STRUCTURE TECHNIQUE

1. L'Empâtement (Le Corps)
• Hydratation : 70% pour une alvéolage aérien et une légèreté absolue.
• Farine : Sélection de force (W320) pour une structure de maille glutineuse complexe.
• Maturation : 48 heures à température contrôlée, favorisant la digestibilité et le développement des arômes céréaliers.

2. La Base Solaire (L'Âme)
• Velouté de Poivron Jaune : Poivrons rôtis au four, mondés, puis émulsionnés à l’huile d’olive extra vierge. Texture miroir passée au chinois étamine.
• Démarche Éco-Responsable : Utilisation des parures de poivrons déshydratées et réduites en sel brûlé, apportant une note fumée naturelle. 

3. Les Toppings de Prestige (L'Équilibre)
• Guanciale de Norcia : Tranché à l'épaisseur d'un voile (1mm), apportant un gras noble et poivré qui fond au contact de la chaleur.
• Ricotta di Bufala Campana : Travaillée à la poche à douille pour une onctuosité maîtrisée et une fraîcheur lactée.
• Pétales d’Oignons Rouges : En pickles légers, travaillés pour leur vivacité acide et leur croquant.

4. La Signature Visuelle
• Verticalité : Éclats de tuile dentelle à l’encre de seiche, offrant un contraste minéral noir profond et une texture craquante.
• Tension aromatique : Zestes de citron vert à la Microplane et piment d’Espelette AOP.",Tipo 00,Biga – Préferment ferme,"Levure fraîche – Levure en cube, fermentation rapide","Gluten (blé, seigle, orge, avoine, épeautre, kamut ou leurs souches hybrides), Arachides et produits à base d’arachides, Soja et produits à base de soja, Lait et produits à base de lait (y compris le lactose), Lupin et produits à base de lupin",Pizza Classique,,J’atteste que les informations fournies sont exactes et complètes.
RICHARD,Julien,,24/03/2026 22:45:37,Richard ,Julien ,Pizza à Gogo ,Grand Est,Vosges ,Golbey,Déclinaison de Chevreuil ,"Base de purée d'échalotes confites, mozzarella, spaghettis de butternut aigre douce, gel de poire façon chutney, foie gras poêlé, jus de chevreuil, émincé de chevreuil, pressé de chevreuil et ail des ours.","Mélange personnalisé – (Précisez dans la case en dessous ), Tipo 00 + t80 meule de pierre ",Biga – Préferment ferme,"Levain naturel – Sans levure industrielle, fermentation plus complexe","Gluten (blé, seigle, orge, avoine, épeautre, kamut ou leurs souches hybrides)",Pizza Classique,,J’atteste que les informations fournies sont exactes et complètes.
YVIQUEL,Yann,,25/03/2026 08:40:20,Yviquel ,Yann,Le Bistrot de Yann et Lau ,Pays de la Loire,Maine et Loire,St Rémy la Varenne ,La Gouline,"Base, crème de moutarde à l’ancienne, mozzarella, Fior dilaté, fumée par mes soins, chantilly ( crème liquide) ,Tomme d’Anjou avec une  réduction de coteaux de l’aubance un soupçon de mascarpone  , gélatine. Champignons bio de Paris des caves, Saumuroise, échalotes d’Anjou , rillauds bio d’Anjou flambage au whisky bio d’Anjou, fleur de sel de Guérande, poivre, jeune, pousse de moutarde pourpre ,huile d’olive extra vierge,  réduction de vinaigre balsamique.","Tipo 0, Mélange personnalisé – (Précisez dans la case en dessous ), Farine de blé pré germé , farine avec un fort w",Levain 100% naturel en 1 rafraîchi ,"Levain naturel – Sans levure industrielle, fermentation plus complexe","Gluten (blé, seigle, orge, avoine, épeautre, kamut ou leurs souches hybrides), Arachides et produits à base d’arachides, Soja et produits à base de soja, Lait et produits à base de lait (y compris le lactose), Moutarde et produits à base de moutarde",Pizza Classique,,J’atteste que les informations fournies sont exactes et complètes.
CHAPELLE,Maxime,,26/03/2026 01:46:59,Chapelle ,Maxime ,Pizza chapellito ,Occitanie,Aude ,TREBES,"Déclinaison de carottes, homard, épices tandoori, fenouil, agrumes ",Base purée de carottes et bisque de homard ,"Tipo 00, Type 45",Biga – Préferment ferme,"Levure fraîche – Levure en cube, fermentation rapide","Gluten (blé, seigle, orge, avoine, épeautre, kamut ou leurs souches hybrides), Crustacés et produits à base de crustacés, Poissons et produits à base de poissons, Lait et produits à base de lait (y compris le lactose)",Pizza Classique,,J’atteste que les informations fournies sont exactes et complètes.
IVAN,Bido,,26/03/2026 16:42:04,Ivan ,Bido,MARCELLO ,Occitanie,Hautes Garonne ,Toulouse,L'essence du Capitol ,"Crème d’oignons rouge cuits lentement au beurre salé et déglacés à l’Armagnac
• Mozzarella fior di latte 
• Échine de porc noir de Bigorre cuite à basse température avec thym et sel puis légèrement snackée
• Poireaux confit à l'huile d'olive 
• Gel de vin de Cahors (Malbec)
• Mousse de Roquefort AOP
• Noix du Périgord torréfiées
• Croustillant de tapioca soufflé au gras de porc noir de Bigorre
• Jeunes pousses d’oseille","Mélange personnalisé – (Précisez dans la case en dessous ), Une mélange de farine 00 : w380 0 : w280",Empâtement direct – Mélange immédiat de tous les ingrédients,Levure sèche active – À réhydrater avant usage,"Gluten (blé, seigle, orge, avoine, épeautre, kamut ou leurs souches hybrides), Lait et produits à base de lait (y compris le lactose), Fruits à coque (amandes, noisettes, noix, noix de cajou, noix de pécan, noix du Brésil, pistaches, noix de macadamia, noix du Queensland)",Pizza Classique,,J’atteste que les informations fournies sont exactes et complètes.
FOUCAUD,Eric,,26/03/2026 16:56:14,Foucaud,Eric,Le Food'Eric,Nouvelle-Aquitaine,Charente-maritime,Arthenac,L'Esturgeon aux saveurs du Japon,"Crème d'algues citronnée(dulse, wakamé, laitue de mer, haricot de mer)au piment d'Espelette.
l'Esturgeon de gensac-la pallue fumé au bois d'arbres fruitiers. 
Des œufs de poissons volants saveur yuzu.
Une touche iodé avec des raisins de mer.
De la Bonite séchée et sa sauce tosazu. 
Une pointe d'umami avec une gelée de dashi.
de la fraicheur avec du cerfeuil et de l'aneth.
du croquant avec un crackers de riz.
","Tipo 00, Mélange personnalisé – (Précisez dans la case en dessous ), phase 1: Biga avec manitoba phase 2: farine 00",Biga – Préferment ferme,"Levure fraîche – Levure en cube, fermentation rapide","Gluten (blé, seigle, orge, avoine, épeautre, kamut ou leurs souches hybrides), Poissons et produits à base de poissons",Pizza Classique,,J’atteste que les informations fournies sont exactes et complètes.
JORON,Laurent,,27/03/2026 09:55:53,JORON,Laurent,Le comptoir à pizza,Réunion,La Réunion,Saint -Benoit,La métisse 2.0,"Base Mangue , Achard de palmiste au cumin et curcuma de la Réunion ,Fromage de chèvre de TAKAMAKA a la vanille de bourbon (appellation protégé), Marlin fumé ,Gelée de géranium rosat de bourbon , Citron caviar , graine de sésame torréfiés.","Tipo 00,  T 150",Biga – Préferment ferme,Mixte (Levain + Levure) – Association des deux pour équilibre arômes et fermentation,"Gluten (blé, seigle, orge, avoine, épeautre, kamut ou leurs souches hybrides), Poissons et produits à base de poissons, Graines de sésame et produits à base de sésame",Pizza Classique,,J’atteste que les informations fournies sont exactes et complètes.
JORON,Laurent,,27/03/2026 10:03:50,JORON,Laurent,Le comptoir à pizza,Réunion,La Réunion,Saint -Benoit,Tarte Mangue passion ananas,"Base Mangue passion , ananas victoria rôtie et flambé au rhum de la Réunion , Meringue a la vanille de la Réunion , zeste de combava .","Tipo 00, T 150",Biga – Préferment ferme,Levure sèche instantanée – Directement incorporée dans la farine,"Gluten (blé, seigle, orge, avoine, épeautre, kamut ou leurs souches hybrides), Œufs et produits à base d’œufs",Pizza Dessert,,J’atteste que les informations fournies sont exactes et complètes.